"departamento","municipio","actividad","area","utilidad","mun","c_oportunidad","area_bst","region"
"tolima","ambalema","ganaderia",0.0515257435818934,95.3589088888889,"ambalema, tolima","Bajo",2323.54091713988,"andina"
"huila","rivera","ganaderia",0.0383862163721401,95.3589088888889,"rivera, huila","Bajo",2091.31120102799,"andina"
"cauca","santander de quilichao","ganaderia",0.0031214375757962,96.4336155555556,"santander de quilichao, cauca","Bajo",562.933871780996,"pacifica"
"magdalena","nueva granada (granada)","cultivos",0.833333333333333,103.484557777778,"nueva granada (granada), magdalena","Bajo",623.453533979458,"caribe"
"cordoba","chima","cultivos",0.658468418110676,103.484557777778,"chima, cordoba","Bajo",1.46833580450347,"caribe"
"bolivar","el guamo","cultivos",0.620897640588966,103.484557777778,"el guamo, bolivar","Bajo",1078.89472532549,"caribe"
"narino","guaitarilla","cultivos",0.516730886229974,103.484557777778,"guaitarilla, narino","Bajo",2.35502874124553,"pacifica"
"magdalena","tenerife","cultivos",0.508982035928144,103.484557777778,"tenerife, magdalena","Bajo",320.754222216987,"caribe"
"cordoba","tuchin","cultivos",0.473104342190538,103.484557777778,"tuchin, cordoba","Bajo",307.687586588175,"caribe"
"atlantico","campo de la cruz","cultivos",0.457459926017263,103.484557777778,"campo de la cruz, atlantico","Bajo",31.2795812659468,"caribe"
"bolivar","san estanislao","cultivos",0.453696290365626,103.484557777778,"san estanislao, bolivar","Bajo",1864.46416198537,"caribe"
"bolivar","arenal","cultivos",0.422110552763819,103.484557777778,"arenal, bolivar","Bajo",401.4526989061,"andina"
"cordoba","san andres de sotavento","cultivos",0.41921664626683,103.484557777778,"san andres de sotavento, cordoba","Bajo",60.0749825400914,"caribe"
"bolivar","santa catalina","cultivos",0.407885791978246,103.484557777778,"santa catalina, bolivar","Bajo",2082.93908216642,"caribe"
"atlantico","juan de acosta","cultivos",0.393013100436681,103.484557777778,"juan de acosta, atlantico","Bajo",1314.45650385892,"caribe"
"bolivar","san jacinto","cultivos",0.384576459872483,103.484557777778,"san jacinto, bolivar","Bajo",2309.06183180117,"caribe"
"bolivar","san juan nepomuceno","cultivos",0.384566081271632,103.484557777778,"san juan nepomuceno, bolivar","Bajo",13389.9025335458,"caribe"
"sucre","chalan","cultivos",0.380122057541412,103.484557777778,"chalan, sucre","Bajo",1785.18842018145,"caribe"
"bolivar","morales","cultivos",0.373064726730088,103.484557777778,"morales, bolivar","Bajo",3612.51975987535,"andina"
"la guajira","barrancas","cultivos",0.369725967812092,103.484557777778,"barrancas, la guajira","Bajo",5222.27334425709,"andina"
"cordoba","san pelayo","cultivos",0.362450163102573,103.484557777778,"san pelayo, cordoba","Bajo",18.5114256898371,"caribe"
"cesar","san diego","cultivos",0.347648261758691,103.484557777778,"san diego, cesar","Bajo",7449.4161970689,"andina"
"sucre","palmito","cultivos",0.34535686876439,103.484557777778,"palmito, sucre","Bajo",28.0218795915444,"caribe"
"atlantico","tubara","cultivos",0.339880444064902,103.484557777778,"tubara, atlantico","Bajo",4151.3866311105,"caribe"
"atlantico","manati","cultivos",0.330383480825959,103.484557777778,"manati, atlantico","Bajo",292.771617771056,"caribe"
"la guajira","hato nuevo","cultivos",0.310173697270471,103.484557777778,"hato nuevo, la guajira","Bajo",277.44247159251,"andina"
"atlantico","repelon","cultivos",0.3,103.484557777778,"repelon, atlantico","Bajo",2878.9218672753,"caribe"
"antioquia","san pedro de uraba","cultivos",0.283613445378151,103.484557777778,"san pedro de uraba, antioquia","Bajo",148.618343510277,"caribe"
"bolivar","santa rosa","cultivos",0.279955207166853,103.484557777778,"santa rosa, bolivar","Bajo",42.4743026431224,"caribe"
"la guajira","san juan del cesar","cultivos",0.265957446808511,103.484557777778,"san juan del cesar, la guajira","Bajo",12891.1499342643,"andina"
"atlantico","galapa","cultivos",0.253378378378378,103.484557777778,"galapa, atlantico","Bajo",288.104084192299,"caribe"
"cesar","gamarra","cultivos",0.212923728813559,103.484557777778,"gamarra, cesar","Bajo",1529.42499005597,"andina"
"bolivar","rioviejo","cultivos",0.864553314121037,124.070593333333,"rioviejo, bolivar","Bajo",6125.88458467267,"andina"
"bolivar","regidor","cultivos",0.84328882642305,124.070593333333,"regidor, bolivar","Bajo",2872.10491854131,"andina"
"cesar","bosconia","cultivos",0.840347666971638,124.070593333333,"bosconia, cesar","Bajo",3861.47394672557,"andina"
"cesar","el copey","cultivos",0.827434035119978,124.070593333333,"el copey, cesar","Bajo",34420.1030940665,"andina"
"cesar","chiriguana","cultivos",0.785714285714286,124.070593333333,"chiriguana, cesar","Bajo",5227.88017497915,"andina"
"cesar","la gloria","cultivos",0.733578560168156,124.070593333333,"la gloria, cesar","Bajo",3393.06150794941,"andina"
"magdalena","algarrobo","cultivos",0.718334985133796,124.070593333333,"algarrobo, magdalena","Bajo",28.6941054010664,"andina"
"magdalena","aracataca","cultivos",0.677580718508413,124.070593333333,"aracataca, magdalena","Bajo",37595.9604851893,"caribe"
"bolivar","el penon","cultivos",0.66815144766147,124.070593333333,"el penon, bolivar","Bajo",5996.36469882537,"andina"
"cesar","pelaya","cultivos",0.625996232430083,124.070593333333,"pelaya, cesar","Bajo",1556.33423157225,"andina"
"bolivar","maria la baja","cultivos",0.594306049822064,124.070593333333,"maria la baja, bolivar","Bajo",220.082230100168,"caribe"
"bolivar","simiti","cultivos",0.582437275985663,124.070593333333,"simiti, bolivar","Bajo",1122.6988860872,"andina"
"cesar","el paso","cultivos",0.553920720096936,124.070593333333,"el paso, cesar","Bajo",146.896897645593,"andina"
"cesar","agustin codazzi","cultivos",0.510797552217671,124.070593333333,"agustin codazzi, cesar","Bajo",5745.0971732699,"andina"
"cesar","curumani","cultivos",0.465157725895562,124.070593333333,"curumani, cesar","Bajo",18032.2648148245,"andina"
"cesar","becerril","cultivos",0.453961218836565,124.070593333333,"becerril, cesar","Bajo",6722.99406008245,"andina"
"magdalena","sabanas de san angel (san angel)","cultivos",0.441340782122905,124.070593333333,"sabanas de san angel (san angel), magdalena","Bajo",761.718699832439,"caribe"
"cesar","aguachica","cultivos",0.345797329143755,124.070593333333,"aguachica, cesar","Bajo",3119.37788629074,"andina"
"sucre","san onofre","cultivos",0.330308529945554,124.070593333333,"san onofre, sucre","Bajo",1747.16199783733,"caribe"
"bolivar","norosi","cultivos",0.328542094455852,124.070593333333,"norosi, bolivar","Bajo",2.44566228625852,"andina"
"cesar","rio de oro","cultivos",0.282822268532301,124.070593333333,"rio de oro, cesar","Bajo",792.252212463042,"andina"
"cesar","valledupar","cultivos",0.274207369323051,124.070593333333,"valledupar, cesar","Bajo",41257.7407629788,"andina"
"atlantico","piojo","cultivos",0.149108589951378,124.070593333333,"piojo, atlantico","Bajo",2883.65630847344,"caribe"
"sucre","sincelejo","ganaderia",0.00205044357652355,165.547837777778,"sincelejo, sucre","Bajo",104.378656168444,"caribe"
"antioquia","turbo","ganaderia",0.000113198781700825,165.547837777778,"turbo, antioquia","Bajo",35.2982655428369,"caribe"
"norte de santander","ocana","cultivos",0.203417412530513,181.245811111111,"ocana, norte de santander","Bajo",7126.92453341353,"andina"
"bolivar","cordoba","cultivos",0.509987250318742,190.073677777778,"cordoba, bolivar","Bajo",6465.01246441397,"caribe"
"tolima","saldana","cultivos",0.819241111443083,190.402082222222,"saldana, tolima","Bajo",53.8383859050735,"andina"
"norte de santander","cucuta","cultivos",0.818697342838626,190.402082222222,"cucuta, norte de santander","Bajo",4309.123630695,"andina"
"tolima","purificacion","cultivos",0.745328896851804,190.402082222222,"purificacion, tolima","Bajo",255.534121676896,"andina"
"tolima","piedras","cultivos",0.610014306151645,190.402082222222,"piedras, tolima","Bajo",3135.25871129954,"andina"
"tolima","guamo","cultivos",0.554254162135029,190.402082222222,"guamo, tolima","Bajo",142.011942252958,"andina"
"norte de santander","san cayetano","cultivos",0.499267935578331,190.402082222222,"san cayetano, norte de santander","Bajo",4505.75349181093,"andina"
"tolima","venadillo","cultivos",0.49222668004012,190.402082222222,"venadillo, tolima","Bajo",94.230224780736,"andina"
"tolima","armero (guayabal)","cultivos",0.428345070422535,190.402082222222,"armero (guayabal), tolima","Bajo",506.386807195633,"andina"
"norte de santander","el zulia","cultivos",0.36584559431311,190.402082222222,"el zulia, norte de santander","Bajo",1403.63520634513,"andina"
"tolima","espinal","cultivos",0.341033395534393,190.402082222222,"espinal, tolima","Bajo",175.714763463148,"andina"
"tolima","natagaima","cultivos",0.337091988130564,190.402082222222,"natagaima, tolima","Bajo",4679.27458953755,"andina"
"tolima","san luis","cultivos",0.302767354596623,190.402082222222,"san luis, tolima","Bajo",195.544422588763,"andina"
"tolima","alvarado","cultivos",0.293591654247392,190.402082222222,"alvarado, tolima","Bajo",1659.45055480073,"andina"
"cordoba","monitos","cultivos",0.737044817927171,257.504426666667,"monitos, cordoba","Bajo",148.68017114081,"caribe"
"cordoba","los cordobas","cultivos",0.736491147390205,257.504426666667,"los cordobas, cordoba","Bajo",29.2731885586306,"caribe"
"cordoba","lorica","cultivos",0.60485651214128,257.504426666667,"lorica, cordoba","Bajo",622.173825951338,"caribe"
"bolivar","san martin de loba","cultivos",0.447761194029851,257.504426666667,"san martin de loba, bolivar","Bajo",2021.36430887757,"andina"
"cordoba","puerto escondido","cultivos",0.399048854301773,257.504426666667,"puerto escondido, cordoba","Bajo",354.027970482515,"caribe"
"la guajira","dibulla","cultivos",0.182469859889215,257.504426666667,"dibulla, la guajira","Bajo",6708.64114968285,"caribe"
"cundinamarca","chaguani","ganaderia",0.00891179870084101,291.145355555556,"chaguani, cundinamarca","Bajo",224.436351417001,"andina"
"cundinamarca","anolaima","ganaderia",0.00864730727427448,291.145355555556,"anolaima, cundinamarca","Bajo",103.896878244591,"andina"
"cundinamarca","el colegio","ganaderia",0.00722043085295264,291.145355555556,"el colegio, cundinamarca","Bajo",89.3569680530874,"andina"
"cundinamarca","tena","ganaderia",2.61482512951141e-05,291.145355555556,"tena, cundinamarca","Bajo",0.135693257331848,"andina"
"la guajira","maicao","cultivos",0.495928941524796,295.511771111111,"maicao, la guajira","Bajo",136.441841822076,"andina"
"la guajira","albania","cultivos",0.373563218390805,295.511771111111,"albania, la guajira","Bajo",2179.99403265043,"andina"
"norte de santander","convencion","cultivos",0.426839679016561,362.269868888889,"convencion, norte de santander","Medio",1446.15770977251,"andina"
"cauca","balboa","cultivos",0.762337957698431,373.720488888889,"balboa, cauca","Medio",569.34422024196,"pacifica"
"cauca","florencia","cultivos",0.736879942487419,373.720488888889,"florencia, cauca","Medio",58.1414674713374,"pacifica"
"cauca","rosas","cultivos",0.581680033769523,373.720488888889,"rosas, cauca","Medio",281.881528647108,"pacifica"
"cauca","la vega","cultivos",0.538796715267304,373.720488888889,"la vega, cauca","Medio",53.3770061437864,"pacifica"
"cauca","patia  (el bordo)","cultivos",0.396230410842863,373.720488888889,"patia  (el bordo), cauca","Medio",1806.10915662759,"pacifica"
"cauca","el tambo","cultivos",0.264831573655103,373.720488888889,"el tambo, cauca","Medio",725.4855308231,"pacifica"
"santander","la belleza","cultivos",0.623624358033749,400.210686666667,"la belleza, santander","Medio",1845.23299287867,"andina"
"santander","sucre","cultivos",0.617577197149644,400.210686666667,"sucre, santander","Medio",1223.86717372877,"andina"
"santander","el playon","cultivos",0.409118357487923,400.210686666667,"el playon, santander","Medio",8823.27491470432,"andina"
"arauca","arauquita","cultivos",0.364072550880523,400.210686666667,"arauquita, arauca","Medio",12.3521045871259,"orinoquia"
"boyaca","otanche","cultivos",0.349604221635884,400.210686666667,"otanche, boyaca","Medio",2.27290474189108,"andina"
"norte de santander","teorama","cultivos",0.304095185390149,400.210686666667,"teorama, norte de santander","Medio",1075.23802448849,"andina"
"cundinamarca","tibacuy","cultivos",0.708010335917313,408.658406666667,"tibacuy, cundinamarca","Medio",65.3009164739269,"andina"
"cundinamarca","nilo","cultivos",0.551366635249764,408.658406666667,"nilo, cundinamarca","Medio",1235.91238997732,"andina"
"cundinamarca","puli","cultivos",0.440755208333333,408.658406666667,"puli, cundinamarca","Medio",3635.09252706984,"andina"
"cundinamarca","guaduas","cultivos",0.338575393154487,408.658406666667,"guaduas, cundinamarca","Medio",2523.91194773692,"andina"
"cundinamarca","arbelaez","cultivos",0.283031088082902,408.658406666667,"arbelaez, cundinamarca","Medio",68.64444719171,"andina"
"cordoba","san antero","cultivos",0.343053173241852,409.45038,"san antero, cordoba","Medio",37.9931259499918,"caribe"
"atlantico","usiacuri","cultivos",0.220264317180617,432.369306666667,"usiacuri, atlantico","Medio",123.853955823301,"caribe"
"choco","sipi","cultivos",0.412371134020619,474.577013333333,"sipi, choco","Medio",99.7259618905502,"pacifica"
"cauca","mercaderes","cultivos",0.320561746298275,474.577013333333,"mercaderes, cauca","Medio",2139.72068178721,"pacifica"
"casanare","tamara","cultivos",0.725356900067981,493.186282222222,"tamara, casanare","Medio",277.711689606871,"orinoquia"
"narino","policarpa","cultivos",0.370501058574453,568.1883,"policarpa, narino","Medio",305.260585314231,"pacifica"
"cundinamarca","agua de dios","cultivos",0.392,583.948575555556,"agua de dios, cundinamarca","Medio",1412.64768980408,"andina"
"cundinamarca","girardot","cultivos",0.369318181818182,583.948575555556,"girardot, cundinamarca","Medio",218.981845122235,"andina"
"cundinamarca","la mesa","cultivos",0.348987854251012,583.948575555556,"la mesa, cundinamarca","Medio",2248.49777522939,"andina"
"cundinamarca","apulo","cultivos",0.326771653543307,583.948575555556,"apulo, cundinamarca","Medio",2927.07221364685,"andina"
"cundinamarca","ricaurte","cultivos",0.264492753623188,583.948575555556,"ricaurte, cundinamarca","Medio",603.533635760772,"andina"
"valle del cauca","el aguila","cultivos",0.724536333231985,598.996075555556,"el aguila, valle del cauca","Medio",43.3889016036479,"pacifica"
"huila","gigante","cultivos",0.63309851022058,598.996075555556,"gigante, huila","Medio",300.369896546996,"andina"
"valle del cauca","ansermanuevo","cultivos",0.579361609094884,598.996075555556,"ansermanuevo, valle del cauca","Medio",17.0862390763216,"pacifica"
"huila","hobo","cultivos",0.561804008908686,598.996075555556,"hobo, huila","Medio",446.004481452001,"andina"
"huila","campoalegre","cultivos",0.548251158870628,598.996075555556,"campoalegre, huila","Medio",3096.18243420935,"andina"
"valle del cauca","trujillo","cultivos",0.455147302217809,598.996075555556,"trujillo, valle del cauca","Medio",463.790481774405,"pacifica"
"huila","palermo","cultivos",0.45313986679353,598.996075555556,"palermo, huila","Medio",3063.48820510889,"andina"
"valle del cauca","sevilla","cultivos",0.427740333451579,598.996075555556,"sevilla, valle del cauca","Medio",23.3865898032975,"pacifica"
"huila","aipe","cultivos",0.399180022363026,598.996075555556,"aipe, huila","Medio",1216.11634070257,"andina"
"huila","colombia","cultivos",0.390506329113924,598.996075555556,"colombia, huila","Medio",1422.4762736965,"andina"
"huila","baraya","cultivos",0.366300366300366,598.996075555556,"baraya, huila","Medio",425.061256141142,"andina"
"huila","neiva","cultivos",0.357034027425089,598.996075555556,"neiva, huila","Medio",1986.34266805474,"andina"
"valle del cauca","vijes","cultivos",0.328207847295864,598.996075555556,"vijes, valle del cauca","Medio",978.529382180995,"pacifica"
"valle del cauca","bolivar","cultivos",0.276117945713728,598.996075555556,"bolivar, valle del cauca","Medio",4161.29574234414,"pacifica"
"santander","lebrija","cultivos",0.387770838152518,601.108004444444,"lebrija, santander","Medio",8939.96139561484,"andina"
"santander","giron","cultivos",0.306574841278382,601.108004444444,"giron, santander","Medio",3189.79192443846,"andina"
"valle del cauca","dagua","cultivos",0.246314972847168,601.108004444444,"dagua, valle del cauca","Medio",835.004038627161,"pacifica"
"casanare","paz de ariporo","cultivos",0.972974123255022,602.82738,"paz de ariporo, casanare","Medio",47423.1169382473,"orinoquia"
"casanare","san luis de palenque","cultivos",0.960498008879938,602.82738,"san luis de palenque, casanare","Medio",26031.9889110941,"orinoquia"
"casanare","trinidad","cultivos",0.949336090552895,602.82738,"trinidad, casanare","Medio",31534.9482667663,"orinoquia"
"casanare","yopal","cultivos",0.857303370786517,602.82738,"yopal, casanare","Medio",12784.02700987,"orinoquia"
"arauca","arauca","cultivos",0.604975626155656,602.82738,"arauca, arauca","Medio",40398.0281497299,"orinoquia"
"casanare","aguazul","cultivos",0.49667434126375,602.82738,"aguazul, casanare","Medio",3770.78140146954,"orinoquia"
"casanare","hato corozal","cultivos",0.293647267880942,602.82738,"hato corozal, casanare","Medio",56044.3248329713,"orinoquia"
"cauca","villa rica","cultivos",0.958736923672995,637.617991111111,"villa rica, cauca","Medio",1.50313454489934,"pacifica"
"cauca","caloto","cultivos",0.55103734439834,637.617991111111,"caloto, cauca","Medio",107.108227615842,"pacifica"
"tolima","coello","cultivos",0.380886426592798,647.596857777778,"coello, tolima","Medio",2367.30626417659,"andina"
"tolima","valle de san juan","cultivos",0.379480519480519,647.596857777778,"valle de san juan, tolima","Medio",68.868573176233,"andina"
"tolima","flandes","cultivos",0.257658173489837,647.596857777778,"flandes, tolima","Medio",228.664225940006,"andina"
"norte de santander","abrego","cultivos",0.178109738580868,647.596857777778,"abrego, norte de santander","Medio",5118.43204001853,"andina"
"cesar","chimichagua","cultivos",0.395239691585652,660.77002,"chimichagua, cesar","Medio",4471.29857184158,"andina"
"bolivar","zambrano","cultivos",0.603500301750151,679.05062,"zambrano, bolivar","Medio",3186.52735070529,"caribe"
"magdalena","santa barbara de pinto","cultivos",0.600719424460432,679.05062,"santa barbara de pinto, magdalena","Medio",1872.11210575522,"caribe"
"sucre","tolu","cultivos",0.558035714285714,679.05062,"tolu, sucre","Medio",871.503241554547,"caribe"
"magdalena","plato","cultivos",0.555555555555556,679.05062,"plato, magdalena","Medio",7868.09719521394,"caribe"
"bolivar","turbaco","cultivos",0.503524672708963,679.05062,"turbaco, bolivar","Medio",1086.0381395281,"caribe"
"bolivar","clemencia","cultivos",0.479156684235745,679.05062,"clemencia, bolivar","Medio",429.572492354206,"caribe"
"bolivar","cartagena de indias (distrito turistico y cultural)","cultivos",0.478997789240973,679.05062,"cartagena de indias (distrito turistico y cultural), bolivar","Medio",2069.16048749407,"caribe"
"bolivar","villanueva","cultivos",0.432811211871393,679.05062,"villanueva, bolivar","Medio",1649.22329893117,"caribe"
"bolivar","mahates","cultivos",0.407549062637156,679.05062,"mahates, bolivar","Medio",1104.010923613,"caribe"
"atlantico","luruaco","cultivos",0.402010050251256,679.05062,"luruaco, atlantico","Medio",2752.56712488492,"caribe"
"sucre","los palmitos","cultivos",0.37513397642015,679.05062,"los palmitos, sucre","Medio",73.8094486293348,"caribe"
"bolivar","el carmen de bolivar","cultivos",0.366705471478463,679.05062,"el carmen de bolivar, bolivar","Medio",7722.55374771321,"caribe"
"sucre","morroa","cultivos",0.341412452987881,679.05062,"morroa, sucre","Medio",972.79630174121,"caribe"
"atlantico","sabanalarga","cultivos",0.327332242225859,679.05062,"sabanalarga, atlantico","Medio",434.743948449624,"caribe"
"sucre","ovejas","cultivos",0.263533545624245,679.05062,"ovejas, sucre","Medio",2054.87162874998,"caribe"
"sucre","toluviejo","cultivos",0.242805755395683,679.05062,"toluviejo, sucre","Medio",2574.24470381355,"caribe"
"sucre","coloso","cultivos",0.202578268876611,679.05062,"coloso, sucre","Medio",3517.75624515433,"caribe"
"cordoba","momil","cultivos",0.171503957783641,679.05062,"momil, cordoba","Medio",92.154876269841,"caribe"
"valle del cauca","palmira","cultivos",0.961063486147347,833.554384444444,"palmira, valle del cauca","Medio",50.2059145163979,"pacifica"
"valle del cauca","cali","cultivos",0.834741288278775,833.554384444444,"cali, valle del cauca","Medio",153.166283798479,"pacifica"
"valle del cauca","buga","cultivos",0.826696719258703,833.554384444444,"buga, valle del cauca","Medio",999.486886296978,"pacifica"
"valle del cauca","san pedro","cultivos",0.728338953232664,833.554384444444,"san pedro, valle del cauca","Medio",709.716878660251,"pacifica"
"valle del cauca","yumbo","cultivos",0.711818489671521,833.554384444444,"yumbo, valle del cauca","Medio",403.468427893465,"pacifica"
"valle del cauca","cartago","cultivos",0.702772699573431,833.554384444444,"cartago, valle del cauca","Medio",52.3263405365447,"andina"
"valle del cauca","bugalagrande","cultivos",0.696335468493967,833.554384444444,"bugalagrande, valle del cauca","Medio",454.422259420616,"pacifica"
"valle del cauca","jamundi","cultivos",0.693767538029833,833.554384444444,"jamundi, valle del cauca","Medio",1127.81042080956,"pacifica"
"valle del cauca","andalucia","cultivos",0.685802948021722,833.554384444444,"andalucia, valle del cauca","Medio",341.595142157691,"pacifica"
"valle del cauca","obando","cultivos",0.665384180151635,833.554384444444,"obando, valle del cauca","Medio",290.44917352714,"andina"
"valle del cauca","yotoco","cultivos",0.570689145223307,833.554384444444,"yotoco, valle del cauca","Medio",5375.35757507383,"pacifica"
"valle del cauca","tulua","cultivos",0.564053009387079,833.554384444444,"tulua, valle del cauca","Medio",534.302033329995,"pacifica"
"valle del cauca","la union","cultivos",0.429243065350259,833.554384444444,"la union, valle del cauca","Medio",56.4683381874315,"pacifica"
"valle del cauca","roldanillo","cultivos",0.417148014440433,833.554384444444,"roldanillo, valle del cauca","Medio",49.1369536694852,"pacifica"
"cundinamarca","jurisdiccion de ubala","cultivos",0.300435413642961,833.554384444444,"jurisdiccion de ubala, cundinamarca","Medio",111.766172332627,"andina"
"cundinamarca","viota","forestal",0.0442743248365889,916.577511111111,"viota, cundinamarca","Alto",1629.08868823596,"andina"
"meta","barranca de upia","cultivos",0.908872446721052,917.250688888889,"barranca de upia, meta","Alto",1427.72967834048,"orinoquia"
"vichada","la primavera","cultivos",0.875018229546449,917.250688888889,"la primavera, vichada","Alto",2637.13581359838,"orinoquia"
"casanare","villanueva","cultivos",0.820231385345595,917.250688888889,"villanueva, casanare","Alto",1104.91552832281,"orinoquia"
"cundinamarca","paratebueno","cultivos",0.697957072666149,917.250688888889,"paratebueno, cundinamarca","Alto",5527.07929401103,"andina"
"casanare","orocue","cultivos",0.669056566455696,917.250688888889,"orocue, casanare","Alto",1727.89616067224,"orinoquia"
"casanare","mani","cultivos",0.560569663692519,917.250688888889,"mani, casanare","Alto",2220.37160291571,"orinoquia"
"casanare","tauramena","cultivos",0.533018625891529,917.250688888889,"tauramena, casanare","Alto",1929.46441599543,"orinoquia"
"vichada","puerto carreno","cultivos",0.832292967124428,963.755908888889,"puerto carreno, vichada","Alto",19618.3191274853,"orinoquia"
"risaralda","quinchia","cultivos",0.682459872365113,981.891051111111,"quinchia, risaralda","Alto",287.633538295192,"andina"
"caldas","la merced","cultivos",0.662274618585298,981.891051111111,"la merced, caldas","Alto",188.496369752939,"andina"
"caldas","filadelfia","cultivos",0.480830670926518,981.891051111111,"filadelfia, caldas","Alto",4.55133705191894,"andina"
"caldas","aguadas","cultivos",0.47433728144388,981.891051111111,"aguadas, caldas","Alto",4.94198644402268,"andina"
"caldas","riosucio","cultivos",0.455770720371805,981.891051111111,"riosucio, caldas","Alto",1.39952229284584,"andina"
"caldas","anserma","cultivos",0.450054015124235,981.891051111111,"anserma, caldas","Alto",88.7382974896544,"andina"
"caldas","salamina","cultivos",0.445337928393644,981.891051111111,"salamina, caldas","Alto",27.0353112136929,"andina"
"norte de santander","la esperanza","cultivos",0.717447717905663,1020.59005111111,"la esperanza, norte de santander","Alto",113.3876848129,"andina"
"norte de santander","sardinata","cultivos",0.309988028048572,1020.59005111111,"sardinata, norte de santander","Alto",4262.30214945751,"andina"
"santander","rionegro","cultivos",0.279477992176457,1029.80915333333,"rionegro, santander","Alto",10763.6227938559,"andina"
"cundinamarca","guataqui","cultivos",0.714801444043321,1037.48548888889,"guataqui, cundinamarca","Alto",2340.12127429316,"andina"
"vichada","cumaribo","cultivos",0.560258964143426,1037.48548888889,"cumaribo, vichada","Alto",3444.03231971935,"orinoquia"
"cundinamarca","beltran","cultivos",0.418060200668896,1037.48548888889,"beltran, cundinamarca","Alto",6901.40263325309,"andina"
"cundinamarca","jerusalen","cultivos",0.370879120879121,1037.48548888889,"jerusalen, cundinamarca","Alto",1555.51800915254,"andina"
"boyaca","san luis de gaceno","cultivos",0.34075723830735,1037.48548888889,"san luis de gaceno, boyaca","Alto",2401.9501216494,"andina"
"norte de santander","jurisdiccion de ocana","forestal",0.0323446534691369,1045.55596444444,"jurisdiccion de ocana, norte de santander","Alto",272.393314755124,"andina"
"caldas","belalcazar","forestal",0.0244067633378057,1045.55596444444,"belalcazar, caldas","Alto",348.036868375221,"andina"
"tolima","icononzo","forestal",0.0208203556260182,1045.55596444444,"icononzo, tolima","Alto",922.734151978467,"andina"
"tolima","carmen de apicala","cultivos",0.579335793357934,1121.45766444444,"carmen de apicala, tolima","Alto",5102.49347499017,"andina"
"tolima","melgar","cultivos",0.394329896907216,1121.45766444444,"melgar, tolima","Alto",4158.76914821026,"andina"
"bolivar","santa rosa del sur","cultivos",0.390397389581634,1208.82661333333,"santa rosa del sur, bolivar","Alto",849.038008549598,"andina"
"cundinamarca","pandi","cultivos",0.584745762711864,1258.97412222222,"pandi, cundinamarca","Alto",42.24067938467,"andina"
"narino","el tambo","cultivos",0.272232304900181,1438.56734888889,"el tambo, narino","Alto",595.736196464773,"pacifica"
"narino","ancuya","cultivos",0.637191157347204,1440.60008,"ancuya, narino","Alto",1.19098341886294,"pacifica"
"narino","sandona","cultivos",0.599657160666978,1440.60008,"sandona, narino","Alto",70.4814218113412,"pacifica"
"narino","consaca","cultivos",0.556640047323277,1440.60008,"consaca, narino","Alto",62.167953958526,"pacifica"
"narino","linares","cultivos",0.467010309278351,1440.60008,"linares, narino","Alto",916.365882711812,"pacifica"
"narino","san lorenzo","cultivos",0.433473468923986,1440.60008,"san lorenzo, narino","Alto",273.777042104049,"pacifica"
"santander","charta","cultivos",0.568181818181818,1447.19986,"charta, santander","Alto",4150.46566833592,"andina"
"santander","california","cultivos",0.102040816326531,1447.19986,"california, santander","Alto",39.1144729269015,"andina"
"boyaca","santa maria","cultivos",0.366666666666667,1639.64946,"santa maria, boyaca","Alto",138.142896563063,"andina"
"santander","zapatoca","cultivos",0.745931283905967,1656.01691555556,"zapatoca, santander","Alto",3080.1363954994,"andina"
"santander","floridablanca","cultivos",0.625142857142857,1656.01691555556,"floridablanca, santander","Alto",5516.47623845682,"andina"
"santander","matanza","cultivos",0.584466019417476,1656.01691555556,"matanza, santander","Alto",926.146565909623,"andina"
"santander","surata","cultivos",0.354679802955665,1656.01691555556,"surata, santander","Alto",5.60553386353031,"andina"
"santander","bucaramanga","cultivos",0.332728372655777,1656.01691555556,"bucaramanga, santander","Alto",8401.34502525136,"andina"
"santander","piedecuesta","cultivos",0.324764663287473,1656.01691555556,"piedecuesta, santander","Alto",942.730020395745,"andina"
"norte de santander","pamplona","cultivos",0.159113796576032,1661.82472222222,"pamplona, norte de santander","Alto",170.015624656424,"andina"
"cesar","gonzalez","cultivos",0.733639143730887,1802.40215777778,"gonzalez, cesar","Alto",1017.91171727697,"andina"
"arauca","tame","cultivos",0.689879324215607,1893.90600222222,"tame, arauca","Alto",12718.2511591733,"orinoquia"
"arauca","puerto rondon","cultivos",0.570886075949367,1893.90600222222,"puerto rondon, arauca","Alto",3372.79270481994,"orinoquia"
"narino","los andes (sotomayor)","cultivos",0.476653696498055,1893.90600222222,"los andes (sotomayor), narino","Alto",399.767015051721,"pacifica"
"arauca","cravo norte","cultivos",0.460264900662252,1893.90600222222,"cravo norte, arauca","Alto",5787.99754598845,"orinoquia"
"quindio","montenegro","cultivos",0.330793076724361,1893.90600222222,"montenegro, quindio","Alto",147.834078387754,"andina"
"cundinamarca","medina","cultivos",0.256353591160221,1893.90600222222,"medina, cundinamarca","Alto",4.08856889889538,"andina"
"narino","taminango","cultivos",0.78046511627907,1939.13007333333,"taminango, narino","Alto",144.102896050437,"pacifica"
"narino","la union","cultivos",0.578093306288032,1939.13007333333,"la union, narino","Alto",434.168984324345,"pacifica"
"narino","buesaco","cultivos",0.527545625106601,1939.13007333333,"buesaco, narino","Alto",88.392871960804,"pacifica"
"narino","chachagsi","cultivos",0.481081081081081,1939.13007333333,"chachagsi, narino","Alto",0.613850260251504,"pacifica"
"narino","leiva","cultivos",0.471584038694075,1939.13007333333,"leiva, narino","Alto",612.34952216387,"pacifica"
"narino","el rosario","cultivos",0.402061855670103,1939.13007333333,"el rosario, narino","Alto",5658.30626396966,"pacifica"
"narino","el penol","cultivos",0.282876440206595,1939.13007333333,"el penol, narino","Alto",343.062055001753,"pacifica"
"norte de santander","el carmen","cultivos",0.281842818428184,2050.53093555556,"el carmen, norte de santander","Alto",538.001999333403,"andina"
"huila","villavieja","cultivos",0.279310344827586,2050.53093555556,"villavieja, huila","Alto",1137.01782137004,"andina"
"tolima","coyaima","cultivos",0.425159525979945,2128.50839777778,"coyaima, tolima","Alto",1813.7599458626,"andina"
"valle del cauca","riofrio","cultivos",0.342953667953668,2128.50839777778,"riofrio, valle del cauca","Alto",1857.92824099195,"pacifica"
"valle del cauca","restrepo","cultivos",0.229593495934959,2128.50839777778,"restrepo, valle del cauca","Alto",636.104802471693,"pacifica"
"antioquia","toledo","cultivos",0.878902554399243,2948.41021333333,"toledo, antioquia","Alto",430.429158290393,"andina"
"antioquia","peque","cultivos",0.799442896935933,2948.41021333333,"peque, antioquia","Alto",139.926862570297,"andina"
"antioquia","betulia","cultivos",0.795836224843858,2948.41021333333,"betulia, antioquia","Alto",281.174162695019,"andina"
"antioquia","pueblorrico","cultivos",0.784218217243059,2948.41021333333,"pueblorrico, antioquia","Alto",314.71026942082,"andina"
"antioquia","buritica","cultivos",0.721665381649961,2948.41021333333,"buritica, antioquia","Alto",819.193445708001,"andina"
"antioquia","anza","cultivos",0.702337472607743,2948.41021333333,"anza, antioquia","Alto",1271.83609639416,"andina"
"magdalena","cienaga","cultivos",0.545869717956439,2948.41021333333,"cienaga, magdalena","Alto",8096.04650361331,"caribe"
"antioquia","ituango","cultivos",0.509255612445845,2948.41021333333,"ituango, antioquia","Alto",780.051583497629,"andina"
"antioquia","abejorral","cultivos",0.481940618304255,2948.41021333333,"abejorral, antioquia","Alto",1318.20139384265,"andina"
"magdalena","santa marta (distrito turistico cultural e historico)","cultivos",0.44387302713247,2948.41021333333,"santa marta (distrito turistico cultural e historico), magdalena","Alto",28009.9124009452,"caribe"
"la guajira","la jagua del pilar","cultivos",0.423641703377386,2948.41021333333,"la jagua del pilar, la guajira","Alto",4809.45307225587,"andina"
"cesar","manaure balcon del cesar","cultivos",0.403885480572597,2948.41021333333,"manaure balcon del cesar, cesar","Alto",2644.02084617311,"andina"
"cesar","la jagua de ibirico","cultivos",0.390844580492556,2948.41021333333,"la jagua de ibirico, cesar","Alto",4524.43423344763,"andina"
"la guajira","urumita","cultivos",0.383916990920882,2948.41021333333,"urumita, la guajira","Alto",4977.8914346936,"andina"
"magdalena","fundacion","cultivos",0.344878906778514,2948.41021333333,"fundacion, magdalena","Alto",8033.80747591215,"andina"
"cesar","la paz","cultivos",0.325299564270152,2948.41021333333,"la paz, cesar","Alto",7673.66196630386,"andina"
"santander","tona","cultivos",0.517241379310345,4346.21942888889,"tona, santander","Muy Alto",1609.65709761252,"andina"
"norte de santander","la playa","cultivos",0.269186712485682,4346.21942888889,"la playa, norte de santander","Muy Alto",984.327833070674,"andina"
"cundinamarca","san juan de rioseco","cultivos",0.467225130890052,4657.57040888889,"san juan de rioseco, cundinamarca","Muy Alto",2306.35982444688,"andina"
"la guajira","riohacha","cultivos",0.259241536068908,4657.57040888889,"riohacha, la guajira","Muy Alto",6778.9083823894,"caribe"
"cesar","pailitas","cultivos",0.128970163618864,4905.28102444444,"pailitas, cesar","Muy Alto",6087.12750544645,"andina"
"antioquia","tarso","avicultura",0.0867539831973698,5115.51624,"tarso, antioquia","Muy Alto",1063.50959139604,"andina"
"antioquia","venecia","avicultura",0.0852033924107449,5115.51624,"venecia, antioquia","Muy Alto",1593.9371335106,"andina"
"antioquia","olaya","avicultura",0.0622581541794229,5115.51624,"olaya, antioquia","Muy Alto",570.08594805481,"andina"
"antioquia","titiribi","avicultura",0.0575695224854096,5115.51624,"titiribi, antioquia","Muy Alto",1227.08130613763,"andina"
"antioquia","armenia","avicultura",0.05193633497942,5115.51624,"armenia, antioquia","Muy Alto",943.389129595319,"andina"
"antioquia","santa fe de antioquia","avicultura",0.0414085820296072,5115.51624,"santa fe de antioquia, antioquia","Muy Alto",3754.64400270436,"andina"
"antioquia","ebejico","avicultura",0.0396095252985261,5115.51624,"ebejico, antioquia","Muy Alto",1793.3088365034,"andina"
"antioquia","san jeronimo","avicultura",0.0293466180315659,5115.51624,"san jeronimo, antioquia","Muy Alto",691.63303331249,"andina"
"antioquia","sopetran","avicultura",0.0235853587567099,5115.51624,"sopetran, antioquia","Muy Alto",615.464723066539,"andina"
"antioquia","heliconia","avicultura",0.0208037659802435,5115.51624,"heliconia, antioquia","Muy Alto",274.47052950317,"andina"
"antioquia","concordia","avicultura",0.0196230809142802,5115.51624,"concordia, antioquia","Muy Alto",716.939864237156,"andina"
"antioquia","liborina","avicultura",0.0176382084619302,5115.51624,"liborina, antioquia","Muy Alto",877.825790386418,"andina"
"antioquia","sabanalarga","avicultura",0.0172021342617055,5115.51624,"sabanalarga, antioquia","Muy Alto",898.103023903441,"andina"
"antioquia","hispania","avicultura",0.0163534331032996,5115.51624,"hispania, antioquia","Muy Alto",116.783664149699,"andina"
"antioquia","santa barbara","avicultura",0.011974302468836,5115.51624,"santa barbara, antioquia","Muy Alto",326.943170613845,"andina"
"antioquia","salgar","avicultura",0.00750806781577583,5115.51624,"salgar, antioquia","Muy Alto",440.198987907104,"andina"
"antioquia","amaga","avicultura",0.00256655086954851,5115.51624,"amaga, antioquia","Muy Alto",24.0603582584471,"andina"
"antioquia","angelopolis","avicultura",0.00098322534488486,5115.51624,"angelopolis, antioquia","Muy Alto",8.04220642491151,"andina"
"antioquia","sonson","avicultura",0.000760669599260314,5115.51624,"sonson, antioquia","Muy Alto",119.212239643508,"andina"
"tolima","dolores","cultivos",0.824629271437782,5899.38536444444,"dolores, tolima","Muy Alto",844.129043768783,"andina"
"tolima","alpujarra","cultivos",0.817261118450022,5899.38536444444,"alpujarra, tolima","Muy Alto",5969.40829385677,"andina"
"tolima","ataco","cultivos",0.689855839174712,5899.38536444444,"ataco, tolima","Muy Alto",0.335717024269686,"andina"
"norte de santander","cachira","cultivos",0.579718640093787,5899.38536444444,"cachira, norte de santander","Muy Alto",3151.9900111372,"andina"
"norte de santander","chinacota","cultivos",0.531365313653137,5899.38536444444,"chinacota, norte de santander","Muy Alto",2827.64216324249,"andina"
"tolima","ortega","cultivos",0.526801883375589,5899.38536444444,"ortega, tolima","Muy Alto",369.692411559947,"andina"
"norte de santander","bochalema","cultivos",0.456207892204042,5899.38536444444,"bochalema, norte de santander","Muy Alto",5154.78560491613,"andina"
"norte de santander","durania","cultivos",0.454907161803714,5899.38536444444,"durania, norte de santander","Muy Alto",1664.48353066162,"andina"
"norte de santander","san calixto","cultivos",0.43040763863386,5899.38536444444,"san calixto, norte de santander","Muy Alto",2101.83142815422,"andina"
"norte de santander","santiago","cultivos",0.424778761061947,5899.38536444444,"santiago, norte de santander","Muy Alto",1597.33364303339,"andina"
"norte de santander","pamplonita","cultivos",0.418242491657397,5899.38536444444,"pamplonita, norte de santander","Muy Alto",2523.21471028682,"andina"
"tolima","ibague","cultivos",0.414908513816281,5899.38536444444,"ibague, tolima","Muy Alto",770.102691189345,"andina"
"norte de santander","los patios","cultivos",0.402777777777778,5899.38536444444,"los patios, norte de santander","Muy Alto",3578.29629395868,"andina"
"tolima","cunday","cultivos",0.377752027809965,5899.38536444444,"cunday, tolima","Muy Alto",1156.57550744891,"andina"
"norte de santander","villa del rosario","cultivos",0.332417582417582,5899.38536444444,"villa del rosario, norte de santander","Muy Alto",1267.33103915466,"andina"
"norte de santander","hacari","cultivos",0.318882867861609,5899.38536444444,"hacari, norte de santander","Muy Alto",12425.1995152762,"andina"
"antioquia","ciudad bolivar","forestal",0.00874348930478775,8445.50120888889,"ciudad bolivar, antioquia","Muy Alto",397.638050833736,"andina"
"antioquia","tamesis","forestal",0.00554776627910499,8445.50120888889,"tamesis, antioquia","Muy Alto",402.204444884842,"andina"
"antioquia","fredonia","forestal",0.0030057878344505,8445.50120888889,"fredonia, antioquia","Muy Alto",164.646909480309,"andina"
"la guajira","el molino","avicultura",0.150073504130886,12669.9945488889,"el molino, la guajira","Muy Alto",4837.61532432585,"andina"
"antioquia","la pintada","avicultura",0.073836417594404,12669.9945488889,"la pintada, antioquia","Muy Alto",493.200975097875,"andina"
"la guajira","villanueva","avicultura",0.0602508197865898,12669.9945488889,"villanueva, la guajira","Muy Alto",1866.35297077596,"andina"
"la guajira","fonseca","avicultura",0.0474574629189933,12669.9945488889,"fonseca, la guajira","Muy Alto",3421.76698236048,"andina"
"antioquia","valparaiso","avicultura",0.0468792962004263,12669.9945488889,"valparaiso, antioquia","Muy Alto",753.608534786193,"andina"
"la guajira","distraccion","avicultura",0.0408832442200131,12669.9945488889,"distraccion, la guajira","Muy Alto",1914.59347005441,"andina"
"antioquia","jerico","avicultura",0.0331406401808538,12669.9945488889,"jerico, antioquia","Muy Alto",686.610854402926,"andina"
"risaralda","balboa","avicultura",0.0296886175121377,12669.9945488889,"balboa, risaralda","Muy Alto",356.23297863646,"andina"
"risaralda","dosquebradas","avicultura",0.0228758654258695,12669.9945488889,"dosquebradas, risaralda","Muy Alto",169.782102123712,"andina"
"risaralda","la virginia","avicultura",0.019804081958562,12669.9945488889,"la virginia, risaralda","Muy Alto",74.5050053563986,"andina"
"risaralda","pereira","avicultura",0.0135307314878278,12669.9945488889,"pereira, risaralda","Muy Alto",959.502314514743,"andina"
"antioquia","arboletes","avicultura",0.0109343639001327,12669.9945488889,"arboletes, antioquia","Muy Alto",1687.69474590937,"caribe"
"antioquia","san juan de uraba","avicultura",0.0103042709548628,12669.9945488889,"san juan de uraba, antioquia","Muy Alto",297.082537387567,"caribe"
"magdalena","zona bananera (prado sevilla)","avicultura",0.00934026717624043,12669.9945488889,"zona bananera (prado sevilla), magdalena","Muy Alto",413.667008326096,"caribe"
"antioquia","necocli","avicultura",0.00925334903873801,12669.9945488889,"necocli, antioquia","Muy Alto",1184.63164877438,"caribe"
"magdalena","el banco","avicultura",0.00803336148830873,12669.9945488889,"el banco, magdalena","Muy Alto",884.919114406873,"andina"
"bolivar","turbana","avicultura",0.00451500881385728,12669.9945488889,"turbana, bolivar","Muy Alto",93.7023240931097,"caribe"
"cauca","suarez","avicultura",0.000302233731433279,12669.9945488889,"suarez, cauca","Muy Alto",18.1189627484913,"pacifica"
"caldas","victoria","avicultura",0.0148425401350963,15549.9272888889,"victoria, caldas","Muy Alto",998.03642638953,"andina"
"tolima","suarez","avicultura",0.0998333442886252,15549.9275533333,"suarez, tolima","Muy Alto",2314.80909000874,"andina"
"caldas","marmato","avicultura",0.0495076565915608,15549.9275533333,"marmato, caldas","Muy Alto",217.755283169727,"andina"
"valle del cauca","la victoria","avicultura",0.0387425193040641,15549.9275533333,"la victoria, valle del cauca","Muy Alto",1342.94506602274,"pacifica"
"tolima","prado","avicultura",0.0322994756366591,15549.9275533333,"prado, tolima","Muy Alto",2593.1992523622,"andina"
"tolima","honda","avicultura",0.0287957601032562,15549.9275533333,"honda, tolima","Muy Alto",1594.74263762367,"andina"
"valle del cauca","el dovio","avicultura",0.0126766269097284,15549.9275533333,"el dovio, valle del cauca","Muy Alto",434.443223457733,"pacifica"
"valle del cauca","zarzal","avicultura",0.0115108438623114,15549.9275533333,"zarzal, valle del cauca","Muy Alto",826.595284660246,"pacifica"
"valle del cauca","la cumbre","avicultura",0.0114680184945134,15549.9275533333,"la cumbre, valle del cauca","Muy Alto",418.994406880521,"pacifica"
"caldas","pacora","avicultura",0.0102636329191472,15549.9275533333,"pacora, caldas","Muy Alto",333.215444053411,"andina"
"valle del cauca","versalles","avicultura",0.00242090159280335,15549.9275533333,"versalles, valle del cauca","Muy Alto",83.8369998085928,"pacifica"
"caldas","la dorada","avicultura",0.000663936426280431,15549.9275533333,"la dorada, caldas","Muy Alto",39.2916470596118,"andina"
"valle del cauca","calima (el darien)","avicultura",6.16033016186883e-05,15549.9275533333,"calima (el darien), valle del cauca","Muy Alto",5.04183334837742,"pacifica"
"cundinamarca","anapoima","avicultura",0.180715301717047,18243.7918888889,"anapoima, cundinamarca","Muy Alto",2485.27142910526,"andina"
"cundinamarca","tocaima","avicultura",0.0844539348859066,18243.7918888889,"tocaima, cundinamarca","Muy Alto",2656.55113923421,"andina"
"casanare","pore","avicultura",0.0790653955542559,18243.7918888889,"pore, casanare","Muy Alto",14562.6183530662,"orinoquia"
"cundinamarca","narino","avicultura",0.0636703430866463,18243.7918888889,"narino, cundinamarca","Muy Alto",359.602238089085,"andina"
"casanare","sabanalarga","avicultura",0.0491603214065784,18243.7918888889,"sabanalarga, casanare","Muy Alto",3200.39918759627,"andina"
"casanare","nunchia","avicultura",0.0394558808850497,18243.7918888889,"nunchia, casanare","Muy Alto",9715.62324797426,"orinoquia"
"casanare","monterrey","avicultura",0.0154320127790985,18243.7918888889,"monterrey, casanare","Muy Alto",2027.83809280749,"orinoquia"
"cundinamarca","caparrapi","avicultura",0.0015804879676904,18243.7918888889,"caparrapi, cundinamarca","Muy Alto",155.761034243098,"andina"
